{"products":[{"id":"0.46576723220332505","qty":5}],"totalPrice":3942.2000000000003}